<?xml version="1.0" encoding="UTF-8"?>
<!--This is a Reload version 2.5.6 SCORM 2004 Content Package document-->
<!--Spawned from the Reload Content Package Generator - http://www.reload.ac.uk-->
<manifest xmlns="http://www.imsglobal.org/xsd/imscp_v1p1" xmlns:imsmd="http://ltsc.ieee.org/xsd/LOM" xmlns:xsi="http://www.w3.org/2001/XMLSchema-instance" xmlns:adlcp="http://www.adlnet.org/xsd/adlcp_v1p3" xmlns:imsss="http://www.imsglobal.org/xsd/imsss" xmlns:adlseq="http://www.adlnet.org/xsd/adlseq_v1p3" xmlns:adlnav="http://www.adlnet.org/xsd/adlnav_v1p3" identifier="MANIFEST-5CBFF4B1099D2AE8A7B5858D233F8CAE" xsi:schemaLocation="http://www.imsglobal.org/xsd/imscp_v1p1 imscp_v1p1.xsd http://ltsc.ieee.org/xsd/LOM lom.xsd http://www.adlnet.org/xsd/adlcp_v1p3 adlcp_v1p3.xsd http://www.imsglobal.org/xsd/imsss imsss_v1p0.xsd http://www.adlnet.org/xsd/adlseq_v1p3 adlseq_v1p3.xsd http://www.adlnet.org/xsd/adlnav_v1p3 adlnav_v1p3.xsd">
  <metadata>
    <schema>ADL SCORM</schema>
  <schemaversion>1.2</schemaversion>
  </metadata>
  <organizations default="ORG-FD6F68F2A70867AFE85B72DBBF999308">
    <organization identifier="ORG-FD6F68F2A70867AFE85B72DBBF999308" structure="hierarchical">
      <title>Gelicart M4</title>
      <item identifier="ITEM-A63D447EB8D64BD7568829BD4DE230AE" isvisible="true" identifierref="RES-FCD5B34CE777CD79C31B9B8D30187874">
        <title>Gelicart M4</title>
      </item>
    </organization>
  </organizations>
  <resources>
    <resource identifier="RES-FCD5B34CE777CD79C31B9B8D30187874" type="webcontent" adlcp:scormtype="sco" href="SCO/index.html">
      <file href="SCO/index.html" />
      <file href="SCO/css/style.css" />
      <file href="SCO/css/animate.css" />
      <file href="SCO/js/APIWrapper.js" />
      <file href="SCO/m1-s1.html" />
    </resource>
  </resources>
</manifest>